{"cameraMode":{"drawMode":0,"name":"Shaded","section":"Shading Mode"},"sceneLighting":true,"audioPlay":false,"sceneViewState":{"showFog":true,"showMaterialUpdate":false,"showSkybox":true,"showFlares":true,"showImageEffects":true,"showParticleSystems":true},"in2DMode":false,"pivot":{"x":-0.9973363876342773,"y":-0.4135167598724365,"z":-16.47341537475586},"rotation":{"x":0.23502840101718903,"y":0.02216959372162819,"z":-0.005361884832382202,"w":0.9717261791229248},"size":160.26197814941407,"orthographic":false}