{"cameraMode":{"drawMode":0,"name":"Shaded","section":"Shading Mode"},"sceneLighting":false,"audioPlay":false,"sceneViewState":{"showFog":true,"showMaterialUpdate":false,"showSkybox":false,"showFlares":true,"showImageEffects":true,"showParticleSystems":true},"in2DMode":false,"pivot":{"x":-0.004370927810668945,"y":-0.6190111637115479,"z":-0.3008264899253845},"rotation":{"x":0.19878189265727998,"y":0.10591666400432587,"z":-0.02161441184580326,"w":0.9740689992904663},"size":1.471029281616211,"orthographic":false}